{
  "dataset": "hasos",
  "deepseek_pricing_usd_per_1m": {
    "by_model": {
      "deepseek-chat": {
        "input": 0.14,
        "output": 0.28
      },
      "deepseek-v4-flash": {
        "input": 0.14,
        "output": 0.28
      },
      "deepseek-v4-pro": {
        "input": 0.435,
        "output": 0.87
      }
    },
    "default_input": 0.435,
    "default_output": 0.87
  },
  "deepseek_usage": {
    "by_model": {
      "mimo-v2.5": {
        "completion_tokens": 1317714,
        "estimated_usd": 2.434383975000002,
        "prompt_tokens": 2960857,
        "total_tokens": 4278571
      }
    },
    "completion_tokens": 1317714,
    "estimated_usd": 2.434383975000002,
    "prompt_tokens": 2960857,
    "total_tokens": 4278571
  },
  "judged_rows": 4453,
  "methods": {
    "m1": {
      "automatic": {
        "aspects": 29,
        "avg_compression_ratio": 1.0,
        "avg_evidence_count": 2.613138686131387,
        "avg_evidence_topk_count": 2.565693430656934,
        "avg_summary_words": 40.0,
        "copied_from_evidence_rate": 1.0,
        "fallback_rate": null,
        "generated_rate": null,
        "method_label": "M1 extractive",
        "rows": 1370,
        "sentiments": [
          ""
        ],
        "status_counts": {
          "extractive": 1370
        },
        "topk_duplicate_rate": 0.0
      },
      "judge": {
        "aspect_mismatch_rate": 0.1291970802919708,
        "avg_scores": {
          "aspect_correctness": 4.463503649635037,
          "coverage": 4.01970802919708,
          "evidence_support": 4.44014598540146,
          "sentiment_alignment": 4.589051094890511,
          "specificity": 4.075182481751825,
          "usefulness": 4.059124087591241
        },
        "cross_aspect_leakage_rate": 0.060312944523470836,
        "evidence_p_at_5": 0.8642958748221906,
        "evidence_support_at_5": 0.8810810810810811,
        "generic_summary_rate": 0.10437956204379562,
        "judged_rows": 1370,
        "major_theme_missing_rate": 0.0927007299270073,
        "major_theme_recall": 0.9072992700729927,
        "pass_rate": 0.7248175182481752,
        "sentiment_flip_rate": 0.01167883211678832,
        "sentiment_leakage_rate": 0.0031294452347083927,
        "unsupported_claim_rate": 0.10291970802919707,
        "verdict_counts": {
          "fail": 69,
          "pass": 962,
          "warn": 339
        }
      },
      "rouge": {
        "mean_coverage": null,
        "rouge1": 0.20347750000000003,
        "rouge2": 0.054975,
        "rougeL": 0.122255,
        "source": "reports\\rouge_m1_hasos.json"
      }
    },
    "m2": {
      "automatic": {
        "aspects": 29,
        "avg_compression_ratio": 0.5596906391313233,
        "avg_evidence_count": 18.389212827988338,
        "avg_evidence_topk_count": 4.532798833819242,
        "avg_summary_words": 51.965014577259474,
        "copied_from_evidence_rate": 0.12536443148688048,
        "fallback_rate": 0.37026239067055394,
        "generated_rate": 0.6297376093294461,
        "method_label": "M2 abstractive",
        "rows": 1372,
        "sentiments": [
          ""
        ],
        "status_counts": {
          "fallback_generic": 497,
          "fallback_prompt_echo": 11,
          "generated": 864
        },
        "topk_duplicate_rate": 0.0
      },
      "judge": {
        "aspect_mismatch_rate": 0.19970845481049562,
        "avg_scores": {
          "aspect_correctness": 4.1858600583090375,
          "coverage": 3.4708454810495626,
          "evidence_support": 3.8534985422740524,
          "sentiment_alignment": 4.30466472303207,
          "specificity": 3.455539358600583,
          "usefulness": 3.6341107871720117
        },
        "cross_aspect_leakage_rate": 0.04518411320147934,
        "evidence_p_at_5": 0.859141341051616,
        "evidence_support_at_5": 0.6745457469046471,
        "generic_summary_rate": 0.24416909620991253,
        "judged_rows": 1372,
        "major_theme_missing_rate": 0.17784256559766765,
        "major_theme_recall": 0.8221574344023324,
        "pass_rate": 0.532069970845481,
        "sentiment_flip_rate": 0.02988338192419825,
        "sentiment_leakage_rate": 0.006271104679208876,
        "unsupported_claim_rate": 0.34766763848396504,
        "verdict_counts": {
          "fail": 177,
          "pass": 698,
          "warn": 497
        }
      },
      "rouge": {
        "mean_coverage": 1.0,
        "rouge1": 0.2324175,
        "rouge2": 0.0440575,
        "rougeL": 0.15033,
        "source": "reports\\sweep\\rouge_m2_hasos_tokabs_128.json"
      }
    },
    "m3": {
      "automatic": {
        "aspects": 28,
        "avg_compression_ratio": 0.7296484139407334,
        "avg_evidence_count": 2.8335170893054022,
        "avg_evidence_topk_count": 2.338478500551268,
        "avg_summary_words": 32.50275633958103,
        "copied_from_evidence_rate": 0.4564498346196251,
        "fallback_rate": 0.41124586549062847,
        "generated_rate": 0.5887541345093715,
        "method_label": "M3 kw-sentiment",
        "rows": 907,
        "sentiments": [
          "neg",
          "pos"
        ],
        "status_counts": {
          "fallback_generic": 335,
          "fallback_prompt_echo": 38,
          "generated": 534
        },
        "topk_duplicate_rate": 0.0
      },
      "judge": {
        "aspect_mismatch_rate": 0.15986769570011025,
        "avg_scores": {
          "aspect_correctness": 4.315325248070562,
          "coverage": 3.962513781697905,
          "evidence_support": 4.281146637265711,
          "sentiment_alignment": 4.392502756339581,
          "specificity": 3.98787210584344,
          "usefulness": 3.9911797133406837
        },
        "cross_aspect_leakage_rate": 0.05752003771805752,
        "evidence_p_at_5": 0.9038189533239038,
        "evidence_support_at_5": 0.8052805280528053,
        "generic_summary_rate": 0.16758544652701213,
        "judged_rows": 907,
        "major_theme_missing_rate": 0.12458654906284454,
        "major_theme_recall": 0.8754134509371555,
        "pass_rate": 0.6648291069459757,
        "sentiment_flip_rate": 0.11356119073869901,
        "sentiment_leakage_rate": 0.023573785950023574,
        "unsupported_claim_rate": 0.21499448732083792,
        "verdict_counts": {
          "fail": 159,
          "pass": 573,
          "warn": 175
        }
      },
      "rouge": {
        "mean_coverage": 0.995,
        "rouge1": 0.26200534999999997,
        "rouge2": 0.0712361,
        "rougeL": 0.168383,
        "source": "reports\\sweep\\rouge_m3_hasos_tokabs_96.json"
      }
    },
    "m4": {
      "automatic": {
        "aspects": 28,
        "avg_compression_ratio": 0.8230169652975164,
        "avg_evidence_count": 1.9191542288557213,
        "avg_evidence_topk_count": 1.8830845771144278,
        "avg_summary_words": 30.95646766169154,
        "copied_from_evidence_rate": 0.5634328358208955,
        "fallback_rate": 0.48134328358208955,
        "generated_rate": 0.5186567164179104,
        "method_label": "M4 bert-sentiment",
        "rows": 804,
        "sentiments": [
          "neg",
          "pos"
        ],
        "status_counts": {
          "fallback_generic": 342,
          "fallback_prompt_echo": 45,
          "generated": 417
        },
        "topk_duplicate_rate": 0.0
      },
      "judge": {
        "aspect_mismatch_rate": 0.13805970149253732,
        "avg_scores": {
          "aspect_correctness": 4.439054726368159,
          "coverage": 4.159203980099503,
          "evidence_support": 4.447761194029851,
          "sentiment_alignment": 4.640547263681592,
          "specificity": 4.138059701492537,
          "usefulness": 4.161691542288557
        },
        "cross_aspect_leakage_rate": 0.05680317040951123,
        "evidence_p_at_5": 0.9108322324966975,
        "evidence_support_at_5": 0.8560105680317041,
        "generic_summary_rate": 0.15671641791044777,
        "judged_rows": 804,
        "major_theme_missing_rate": 0.11940298507462686,