{
  "dataset": "hasos",
  "deepseek_pricing_usd_per_1m": {
    "by_model": {
      "deepseek-chat": {
        "input": 0.14,
        "output": 0.28
      },
      "deepseek-v4-flash": {
        "input": 0.14,
        "output": 0.28
      },
      "deepseek-v4-pro": {
        "input": 0.435,
        "output": 0.87
      }
    },
    "default_input": 0.435,
    "default_output": 0.87
  },
  "deepseek_usage": {
    "by_model": {
      "deepseek-v4-flash": {
        "completion_tokens": 1383558,
        "estimated_usd": 0.8297626399999989,
        "prompt_tokens": 3159760,
        "total_tokens": 4543318
      }
    },
    "completion_tokens": 1383558,
    "estimated_usd": 0.8297626399999989,
    "prompt_tokens": 3159760,
    "total_tokens": 4543318
  },
  "judged_rows": 4453,
  "methods": {
    "m1": {
      "automatic": {
        "aspects": 29,
        "avg_compression_ratio": 1.0,
        "avg_evidence_count": 2.613138686131387,
        "avg_evidence_topk_count": 2.565693430656934,
        "avg_summary_words": 40.0,
        "copied_from_evidence_rate": 1.0,
        "fallback_rate": null,
        "generated_rate": null,
        "method_label": "M1 extractive",
        "rows": 1370,
        "sentiments": [
          ""
        ],
        "status_counts": {
          "extractive": 1370
        },
        "topk_duplicate_rate": 0.0
      },
      "judge": {
        "aspect_mismatch_rate": 0.02408759124087591,
        "avg_scores": {
          "aspect_correctness": 4.799270072992701,
          "coverage": 4.022627737226277,
          "evidence_support": 4.559124087591241,
          "sentiment_alignment": 4.7087591240875915,
          "specificity": 4.148905109489051,
          "usefulness": 4.251824817518248
        },
        "cross_aspect_leakage_rate": 0.05576102418207681,
        "evidence_p_at_5": 0.8950213371266003,
        "evidence_support_at_5": 0.8930298719772404,
        "generic_summary_rate": 0.012408759124087591,
        "judged_rows": 1370,
        "major_theme_missing_rate": 0.01897810218978102,
        "major_theme_recall": 0.981021897810219,
        "pass_rate": 0.8642335766423358,
        "sentiment_flip_rate": 0.008759124087591242,
        "sentiment_leakage_rate": 0.0002844950213371266,
        "unsupported_claim_rate": 0.059124087591240874,
        "verdict_counts": {
          "fail": 42,
          "pass": 1224,
          "warn": 104
        }
      },
      "rouge": {
        "mean_coverage": null,
        "rouge1": 0.20347750000000003,
        "rouge2": 0.054975,
        "rougeL": 0.122255,
        "source": "reports\\rouge_m1_hasos.json"
      }
    },
    "m2": {
      "automatic": {
        "aspects": 29,
        "avg_compression_ratio": 0.5596906391313233,
        "avg_evidence_count": 18.389212827988338,
        "avg_evidence_topk_count": 4.532798833819242,
        "avg_summary_words": 51.965014577259474,
        "copied_from_evidence_rate": 0.12536443148688048,
        "fallback_rate": 0.37026239067055394,
        "generated_rate": 0.6297376093294461,
        "method_label": "M2 abstractive",
        "rows": 1372,
        "sentiments": [
          ""
        ],
        "status_counts": {
          "fallback_generic": 497,
          "fallback_prompt_echo": 11,
          "generated": 864
        },
        "topk_duplicate_rate": 0.0
      },
      "judge": {
        "aspect_mismatch_rate": 0.06559766763848396,
        "avg_scores": {
          "aspect_correctness": 4.473032069970846,
          "coverage": 3.5998542274052476,
          "evidence_support": 3.9278425655976674,
          "sentiment_alignment": 4.239067055393586,
          "specificity": 3.737609329446064,
          "usefulness": 3.8403790087463556
        },
        "cross_aspect_leakage_rate": 0.02894356005788712,
        "evidence_p_at_5": 0.8739347161923139,
        "evidence_support_at_5": 0.6528380768612317,
        "generic_summary_rate": 0.0794460641399417,
        "judged_rows": 1372,
        "major_theme_missing_rate": 0.08017492711370262,
        "major_theme_recall": 0.9198250728862973,
        "pass_rate": 0.6100583090379009,
        "sentiment_flip_rate": 0.008746355685131196,
        "sentiment_leakage_rate": 0.00032159511175430133,
        "unsupported_claim_rate": 0.33819241982507287,
        "verdict_counts": {
          "fail": 177,
          "pass": 859,
          "warn": 336
        }
      },
      "rouge": {
        "mean_coverage": 1.0,
        "rouge1": 0.2324175,
        "rouge2": 0.0440575,
        "rougeL": 0.15033,
        "source": "reports\\sweep\\rouge_m2_hasos_tokabs_128.json"
      }
    },
    "m3": {
      "automatic": {
        "aspects": 28,
        "avg_compression_ratio": 0.7296484139407334,
        "avg_evidence_count": 2.8335170893054022,
        "avg_evidence_topk_count": 2.338478500551268,
        "avg_summary_words": 32.50275633958103,
        "copied_from_evidence_rate": 0.4564498346196251,
        "fallback_rate": 0.41124586549062847,
        "generated_rate": 0.5887541345093715,
        "method_label": "M3 kw-sentiment",
        "rows": 907,
        "sentiments": [
          "neg",
          "pos"
        ],
        "status_counts": {
          "fallback_generic": 335,
          "fallback_prompt_echo": 38,
          "generated": 534
        },
        "topk_duplicate_rate": 0.0
      },
      "judge": {
        "aspect_mismatch_rate": 0.07166482910694598,
        "avg_scores": {
          "aspect_correctness": 4.5733186328555675,
          "coverage": 4.090407938257993,
          "evidence_support": 4.3638368246968025,
          "sentiment_alignment": 4.456449834619625,
          "specificity": 4.116868798235942,
          "usefulness": 4.2359426681367145
        },
        "cross_aspect_leakage_rate": 0.04054691183404055,
        "evidence_p_at_5": 0.925035360678925,
        "evidence_support_at_5": 0.8231966053748232,
        "generic_summary_rate": 0.06945975744211687,
        "judged_rows": 907,
        "major_theme_missing_rate": 0.05953693495038589,
        "major_theme_recall": 0.9404630650496141,
        "pass_rate": 0.7364939360529217,
        "sentiment_flip_rate": 0.08379272326350606,
        "sentiment_leakage_rate": 0.008015087223008015,
        "unsupported_claim_rate": 0.19735391400220506,
        "verdict_counts": {
          "fail": 134,
          "pass": 675,
          "warn": 98
        }
      },
      "rouge": {
        "mean_coverage": 0.995,
        "rouge1": 0.26200534999999997,
        "rouge2": 0.0712361,
        "rougeL": 0.168383,
        "source": "reports\\sweep\\rouge_m3_hasos_tokabs_96.json"
      }
    },
    "m4": {
      "automatic": {
        "aspects": 28,
        "avg_compression_ratio": 0.8230169652975164,
        "avg_evidence_count": 1.9191542288557213,
        "avg_evidence_topk_count": 1.8830845771144278,
        "avg_summary_words": 30.95646766169154,
        "copied_from_evidence_rate": 0.5634328358208955,
        "fallback_rate": 0.48134328358208955,
        "generated_rate": 0.5186567164179104,
        "method_label": "M4 bert-sentiment",
        "rows": 804,
        "sentiments": [
          "neg",
          "pos"
        ],
        "status_counts": {
          "fallback_generic": 342,
          "fallback_prompt_echo": 45,
          "generated": 417
        },
        "topk_duplicate_rate": 0.0
      },
      "judge": {
        "aspect_mismatch_rate": 0.03233830845771144,
        "avg_scores": {
          "aspect_correctness": 4.680348258706467,
          "coverage": 4.33955223880597,
          "evidence_support": 4.552238805970149,
          "sentiment_alignment": 4.72636815920398,
          "specificity": 4.274875621890548,
          "usefulness": 4.468905472636816
        },
        "cross_aspect_leakage_rate": 0.021136063408190225,
        "evidence_p_at_5": 0.9445178335535006,
        "evidence_support_at_5": 0.8738441215323646,
        "generic_summary_rate": 0.06343283582089553,
        "judged_rows": 804,
        "major_theme_missing_rate": 0.03482587064676617,