{
  "m1": {
    "method": "m1_extractive",
    "by_split": {
      "dev": {
        "building": {
          "rouge1": 0.2846,
          "rouge2": 0.06424,
          "rougeL": 0.20819,
          "n": 25
        },
        "cleanliness": {
          "rouge1": 0.26872,
          "rouge2": 0.0833,
          "rougeL": 0.22313,
          "n": 25
        },
        "food": {
          "rouge1": 0.29698,
          "rouge2": 0.06661,
          "rougeL": 0.20299,
          "n": 25
        },
        "location": {
          "rouge1": 0.35044,
          "rouge2": 0.10365,
          "rougeL": 0.235,
          "n": 25
        },
        "rooms": {
          "rouge1": 0.34106,
          "rouge2": 0.0919,
          "rougeL": 0.23842,
          "n": 25
        },
        "service": {
          "rouge1": 0.30209,
          "rouge2": 0.09423,
          "rougeL": 0.23182,
          "n": 25
        },
        "MACRO": {
          "rouge1": 0.307315,
          "rouge2": 0.08398833333333333,
          "rougeL": 0.2232583333333333
        }
      },
      "test": {
        "building": {
          "rouge1": 0.25328,
          "rouge2": 0.05444,
          "rougeL": 0.1819,
          "n": 25
        },
        "cleanliness": {
          "rouge1": 0.25941,
          "rouge2": 0.07646,
          "rougeL": 0.20913,
          "n": 25
        },
        "food": {
          "rouge1": 0.31845,
          "rouge2": 0.11853,
          "rougeL": 0.24007,
          "n": 25
        },
        "location": {
          "rouge1": 0.33502,
          "rouge2": 0.11077,
          "rougeL": 0.24153,
          "n": 25
        },
        "rooms": {
          "rouge1": 0.34545,
          "rouge2": 0.0845,
          "rougeL": 0.23528,
          "n": 25
        },
        "service": {
          "rouge1": 0.29897,
          "rouge2": 0.09156,
          "rougeL": 0.21382,
          "n": 25
        },
        "MACRO": {
          "rouge1": 0.30176333333333333,
          "rouge2": 0.08937666666666667,
          "rougeL": 0.22028833333333334
        }
      },
      "all": {
        "building": {
          "rouge1": 0.26714,
          "rouge2": 0.05831,
          "rougeL": 0.19381,
          "n": 50
        },
        "cleanliness": {
          "rouge1": 0.26347,
          "rouge2": 0.07996,
          "rougeL": 0.21623,
          "n": 50
        },
        "food": {
          "rouge1": 0.30677,
          "rouge2": 0.09264,
          "rougeL": 0.22136,
          "n": 50
        },
        "location": {
          "rouge1": 0.3434,
          "rouge2": 0.10784,
          "rougeL": 0.23847,
          "n": 50
        },
        "rooms": {
          "rouge1": 0.34288,
          "rouge2": 0.08865,
          "rougeL": 0.23708,
          "n": 50
        },
        "service": {
          "rouge1": 0.30104,
          "rouge2": 0.09365,
          "rougeL": 0.2238,
          "n": 50
        },
        "MACRO": {
          "rouge1": 0.30411666666666665,
          "rouge2": 0.08684166666666666,
          "rougeL": 0.22179166666666664
        }
      }
    },
    "coverage": {}
  },
  "m2": {
    "method": "m2_abstractive",
    "by_split": {
      "dev": {
        "building": {
          "rouge1": 0.27427,
          "rouge2": 0.05784,
          "rougeL": 0.20513,
          "n": 25
        },
        "cleanliness": {
          "rouge1": 0.32065,
          "rouge2": 0.09348,
          "rougeL": 0.26457,
          "n": 25
        },
        "food": {
          "rouge1": 0.27967,
          "rouge2": 0.05823,
          "rougeL": 0.19994,
          "n": 25
        },
        "location": {
          "rouge1": 0.36264,
          "rouge2": 0.12118,
          "rougeL": 0.26089,
          "n": 25
        },
        "rooms": {
          "rouge1": 0.31036,
          "rouge2": 0.07156,
          "rougeL": 0.23251,
          "n": 25
        },
        "service": {
          "rouge1": 0.29895,
          "rouge2": 0.08032,
          "rougeL": 0.23555,
          "n": 25
        },
        "MACRO": {
          "rouge1": 0.3077566666666667,
          "rouge2": 0.080435,
          "rougeL": 0.23309833333333332
        }
      },
      "test": {
        "building": {
          "rouge1": 0.25076,
          "rouge2": 0.04959,
          "rougeL": 0.1815,
          "n": 25
        },
        "cleanliness": {
          "rouge1": 0.3046,
          "rouge2": 0.08399,
          "rougeL": 0.24219,
          "n": 25
        },
        "food": {
          "rouge1": 0.29978,
          "rouge2": 0.10424,
          "rougeL": 0.23724,
          "n": 25
        },
        "location": {
          "rouge1": 0.33758,
          "rouge2": 0.11397,
          "rougeL": 0.25679,
          "n": 25
        },
        "rooms": {
          "rouge1": 0.31614,
          "rouge2": 0.08883,
          "rougeL": 0.23662,
          "n": 25
        },
        "service": {
          "rouge1": 0.32858,
          "rouge2": 0.10898,
          "rougeL": 0.26407,
          "n": 25
        },
        "MACRO": {
          "rouge1": 0.30624,
          "rouge2": 0.0916,
          "rougeL": 0.2364016666666667
        }
      },
      "all": {
        "building": {
          "rouge1": 0.2605,
          "rouge2": 0.05271,
          "rougeL": 0.1922,
          "n": 50
        },
        "cleanliness": {
          "rouge1": 0.31357,
          "rouge2": 0.08894,
          "rougeL": 0.25416,
          "n": 50
        },
        "food": {
          "rouge1": 0.28879,
          "rouge2": 0.08102,
          "rougeL": 0.21841,
          "n": 50
        },
        "location": {
          "rouge1": 0.35096,
          "rouge2": 0.11856,
          "rougeL": 0.25901,
          "n": 50
        },
        "rooms": {
          "rouge1": 0.3123,
          "rouge2": 0.08017,
          "rougeL": 0.2339,
          "n": 50
        },
        "service": {
          "rouge1": 0.31445,
          "rouge2": 0.09471,
          "rougeL": 0.25019,
          "n": 50
        },
        "MACRO": {
          "rouge1": 0.30676166666666665,
          "rouge2": 0.08601833333333332,
          "rougeL": 0.234645
        }
      }
    },
    "coverage": {}
  },
  "m3": {
    "method": "m3_kw",
    "by_split": {
      "dev": {
        "building": {
          "rouge1": 0.27128,
          "rouge2": 0.05268,
          "rougeL": 0.20849,
          "n": 24
        },
        "cleanliness": {
          "rouge1": 0.34432,
          "rouge2": 0.11184,
          "rougeL": 0.2891,
          "n": 25
        },
        "food": {
          "rouge1": 0.28743,
          "rouge2": 0.06352,
          "rougeL": 0.20838,
          "n": 24
        },
        "location": {
          "rouge1": 0.33955,
          "rouge2": 0.09183,
          "rougeL": 0.24683,
          "n": 23
        },
        "rooms": {
          "rouge1": 0.31392,
          "rouge2": 0.08743,
          "rougeL": 0.25149,
          "n": 24
        },
        "service": {
          "rouge1": 0.31652,
          "rouge2": 0.10286,
          "rougeL": 0.25119,
          "n": 25
        },
        "MACRO": {
          "rouge1": 0.31217,
          "rouge2": 0.08502666666666665,
          "rougeL": 0.24258
        }
      },
      "test": {
        "building": {
          "rouge1": 0.25494,
          "rouge2": 0.05426,
          "rougeL": 0.18714,
          "n": 25
        },
        "cleanliness": {
          "rouge1": 0.33007,
          "rouge2": 0.11136,
          "rougeL": 0.2627,
          "n": 25
        },
        "food": {
          "rouge1": 0.30547,
          "rouge2": 0.09865,
          "rougeL": 0.23933,
          "n": 24
        },
        "location": {
          "rouge1": 0.30351,
          "rouge2": 0.09199,
          "rougeL": 0.23058,
          "n": 24
        },
        "rooms": {
          "rouge1": 0.31836,
          "rouge2": 0.08595,
          "rougeL": 0.24096,
          "n": 25
        },
        "service": {
          "rouge1": 0.32927,
          "rouge2": 0.10679,
          "rougeL": 0.25943,
          "n": 25
        },