{
  "method": "m3_kw",
  "by_split": {
    "dev": {
      "facility": {
        "rouge1": 0.12986666666666666,
        "rouge2": 0.025040000000000003,
        "rougeL": 0.08570666666666667,
        "n": 16,
        "eligible": 24,
        "coverage": 0.6667
      },
      "amenity": {
        "rouge1": 0.05469666666666667,
        "rouge2": 0.00671,
        "rougeL": 0.036686666666666666,
        "n": 8,
        "eligible": 24,
        "coverage": 0.3333
      },
      "service": {
        "rouge1": 0.07746875,
        "rouge2": 0.02956875,
        "rougeL": 0.06462083333333334,
        "n": 5,
        "eligible": 24,
        "coverage": 0.2083
      },
      "experience": {
        "rouge1": 0.11998235294117646,
        "rouge2": 0.006211764705882353,
        "rougeL": 0.10045588235294119,
        "n": 15,
        "eligible": 17,
        "coverage": 0.8824
      },
      "MACRO": {
        "rouge1": 0.09550360906862745,
        "rouge2": 0.016882628676470588,
        "rougeL": 0.07186751225490196
      }
    },
    "test": {
      "facility": {
        "rouge1": 0.17519653846153846,
        "rouge2": 0.04771038461538461,
        "rougeL": 0.11598461538461538,
        "n": 21,
        "eligible": 26,
        "coverage": 0.8077
      },
      "amenity": {
        "rouge1": 0.09863192307692309,
        "rouge2": 0.014448076923076923,
        "rougeL": 0.06700692307692308,
        "n": 11,
        "eligible": 26,
        "coverage": 0.4231
      },
      "service": {
        "rouge1": 0.13173692307692308,
        "rouge2": 0.04632,
        "rougeL": 0.1059323076923077,
        "n": 12,
        "eligible": 26,
        "coverage": 0.4615
      },
      "experience": {
        "rouge1": 0.098758,
        "rouge2": 0.007458,
        "rougeL": 0.072292,
        "n": 11,
        "eligible": 15,
        "coverage": 0.7333
      },
      "MACRO": {
        "rouge1": 0.12608084615384615,
        "rouge2": 0.028984115384615386,
        "rougeL": 0.09030396153846154
      }
    },
    "all": {
      "facility": {
        "rouge1": 0.15237340000000002,
        "rouge2": 0.036230399999999996,
        "rougeL": 0.10078060000000001,
        "n": 37,
        "eligible": 50,
        "coverage": 0.74
      },
      "amenity": {
        "rouge1": 0.0785232,
        "rouge2": 0.010887,
        "rougeL": 0.052888399999999995,
        "n": 19,
        "eligible": 50,
        "coverage": 0.38
      },
      "service": {
        "rouge1": 0.1056414,
        "rouge2": 0.0379134,
        "rougeL": 0.0860676,
        "n": 17,
        "eligible": 50,
        "coverage": 0.34
      },
      "experience": {
        "rouge1": 0.10944374999999999,
        "rouge2": 0.007239374999999999,
        "rougeL": 0.087026875,
        "n": 26,
        "eligible": 32,
        "coverage": 0.8125
      },
      "MACRO": {
        "rouge1": 0.1114954375,
        "rouge2": 0.023067543749999996,
        "rougeL": 0.08169086875
      }
    }
  },
  "coverage": {},
  "fixed_denominator": true
}