{
  "method": "m3_kw",
  "by_split": {
    "dev": {
      "facility": {
        "rouge1": 0.18796749999999998,
        "rouge2": 0.04253375,
        "rougeL": 0.11992749999999998,
        "n": 21,
        "eligible": 24,
        "coverage": 0.875
      },
      "amenity": {
        "rouge1": 0.06722916666666666,
        "rouge2": 0.008179166666666668,
        "rougeL": 0.04510416666666667,
        "n": 10,
        "eligible": 24,
        "coverage": 0.4167
      },
      "service": {
        "rouge1": 0.12137125,
        "rouge2": 0.04213125,
        "rougeL": 0.094185,
        "n": 7,
        "eligible": 24,
        "coverage": 0.2917
      },
      "experience": {
        "rouge1": 0.12698352941176472,
        "rouge2": 0.01579294117647059,
        "rougeL": 0.10665411764705883,
        "n": 16,
        "eligible": 17,
        "coverage": 0.9412
      },
      "MACRO": {
        "rouge1": 0.12588786151960785,
        "rouge2": 0.027159276960784316,
        "rougeL": 0.09146769607843137
      }
    },
    "test": {
      "facility": {
        "rouge1": 0.2108276923076923,
        "rouge2": 0.051886153846153846,
        "rougeL": 0.13163615384615385,
        "n": 22,
        "eligible": 26,
        "coverage": 0.8462
      },
      "amenity": {
        "rouge1": 0.11964076923076924,
        "rouge2": 0.01646076923076923,
        "rougeL": 0.08258923076923076,
        "n": 14,
        "eligible": 26,
        "coverage": 0.5385
      },
      "service": {
        "rouge1": 0.19072692307692307,
        "rouge2": 0.06165769230769231,
        "rougeL": 0.15103192307692306,
        "n": 17,
        "eligible": 26,
        "coverage": 0.6538
      },
      "experience": {
        "rouge1": 0.11862933333333334,
        "rouge2": 0.010330666666666665,
        "rougeL": 0.08638066666666666,
        "n": 13,
        "eligible": 15,
        "coverage": 0.8667
      },
      "MACRO": {
        "rouge1": 0.1599561794871795,
        "rouge2": 0.03508382051282051,
        "rougeL": 0.11290949358974359
      }
    },
    "all": {
      "facility": {
        "rouge1": 0.20150659999999998,
        "rouge2": 0.0480912,
        "rougeL": 0.126549,
        "n": 43,
        "eligible": 50,
        "coverage": 0.86
      },
      "amenity": {
        "rouge1": 0.09504479999999998,
        "rouge2": 0.0125568,
        "rougeL": 0.0649488,
        "n": 24,
        "eligible": 50,
        "coverage": 0.48
      },
      "service": {
        "rouge1": 0.15821280000000001,
        "rouge2": 0.0528288,
        "rougeL": 0.12416160000000001,
        "n": 24,
        "eligible": 50,
        "coverage": 0.48
      },
      "experience": {
        "rouge1": 0.122108125,
        "rouge2": 0.0124971875,
        "rougeL": 0.095935625,
        "n": 29,
        "eligible": 32,
        "coverage": 0.9062
      },
      "MACRO": {
        "rouge1": 0.14421808125,
        "rouge2": 0.031493496875,
        "rougeL": 0.10289875625
      }
    }
  },
  "coverage": {},
  "fixed_denominator": true
}