{
  "method": "m4_bert",
  "by_split": {
    "dev": {
      "facility": {
        "rouge1": 0.17149166666666668,
        "rouge2": 0.02426666666666667,
        "rougeL": 0.11062500000000001,
        "n": 20,
        "eligible": 24,
        "coverage": 0.8333
      },
      "amenity": {
        "rouge1": 0.19963,
        "rouge2": 0.03275,
        "rougeL": 0.12599,
        "n": 24,
        "eligible": 24,
        "coverage": 1.0
      },
      "service": {
        "rouge1": 0.1567875,
        "rouge2": 0.029775,
        "rougeL": 0.11442000000000001,
        "n": 18,
        "eligible": 24,
        "coverage": 0.75
      },
      "experience": {
        "rouge1": 0.10533529411764705,
        "rouge2": 0.0014558823529411766,
        "rougeL": 0.08800588235294117,
        "n": 15,
        "eligible": 17,
        "coverage": 0.8824
      },
      "MACRO": {
        "rouge1": 0.15831111519607843,
        "rouge2": 0.022061887254901963,
        "rougeL": 0.1097602205882353
      }
    },
    "test": {
      "facility": {
        "rouge1": 0.17642769230769234,
        "rouge2": 0.03947153846153846,
        "rougeL": 0.1223776923076923,
        "n": 23,
        "eligible": 26,
        "coverage": 0.8846
      },
      "amenity": {
        "rouge1": 0.2067692307692308,
        "rouge2": 0.029788461538461538,
        "rougeL": 0.13976923076923076,
        "n": 25,
        "eligible": 26,
        "coverage": 0.9615
      },
      "service": {
        "rouge1": 0.17706153846153846,
        "rouge2": 0.036838461538461535,
        "rougeL": 0.13463846153846154,
        "n": 20,
        "eligible": 26,
        "coverage": 0.7692
      },
      "experience": {
        "rouge1": 0.11003333333333334,
        "rouge2": 0.017446666666666666,
        "rougeL": 0.08391333333333334,
        "n": 10,
        "eligible": 15,
        "coverage": 0.6667
      },
      "MACRO": {
        "rouge1": 0.16757294871794873,
        "rouge2": 0.03088628205128205,
        "rougeL": 0.12017467948717948
      }
    },
    "all": {
      "facility": {
        "rouge1": 0.1733158,
        "rouge2": 0.0318802,
        "rougeL": 0.11607420000000002,
        "n": 43,
        "eligible": 50,
        "coverage": 0.86
      },
      "amenity": {
        "rouge1": 0.2046632,
        "rouge2": 0.0319872,
        "rougeL": 0.1341424,
        "n": 49,
        "eligible": 50,
        "coverage": 0.98
      },
      "service": {
        "rouge1": 0.1646996,
        "rouge2": 0.0323456,
        "rougeL": 0.12365200000000001,
        "n": 38,
        "eligible": 50,
        "coverage": 0.76
      },
      "experience": {
        "rouge1": 0.10656249999999999,
        "rouge2": 0.008640625,
        "rougeL": 0.08584375000000001,
        "n": 25,
        "eligible": 32,
        "coverage": 0.7812
      },
      "MACRO": {
        "rouge1": 0.16231027499999998,
        "rouge2": 0.026213406249999998,
        "rougeL": 0.1149280875
      }
    }
  },
  "coverage": {},
  "fixed_denominator": true
}