{
  "method": "m2_abstractive",
  "by_split": {
    "dev": {
      "facility": {
        "rouge1": 0.23203,
        "rouge2": 0.04984,
        "rougeL": 0.14454,
        "n": 24,
        "eligible": 24,
        "coverage": 1.0
      },
      "amenity": {
        "rouge1": 0.25556,
        "rouge2": 0.04315,
        "rougeL": 0.15153,
        "n": 24,
        "eligible": 24,
        "coverage": 1.0
      },
      "service": {
        "rouge1": 0.23824166666666668,
        "rouge2": 0.06256250000000001,
        "rougeL": 0.18400249999999999,
        "n": 22,
        "eligible": 24,
        "coverage": 0.9167
      },
      "experience": {
        "rouge1": 0.10982,
        "rouge2": 0.00558,
        "rougeL": 0.08039,
        "n": 17,
        "eligible": 17,
        "coverage": 1.0
      },
      "MACRO": {
        "rouge1": 0.20891291666666667,
        "rouge2": 0.040283125,
        "rougeL": 0.140115625
      }
    },
    "test": {
      "facility": {
        "rouge1": 0.22137,
        "rouge2": 0.05123,
        "rougeL": 0.14792,
        "n": 26,
        "eligible": 26,
        "coverage": 1.0
      },
      "amenity": {
        "rouge1": 0.18728,
        "rouge2": 0.02738,
        "rougeL": 0.12111,
        "n": 26,
        "eligible": 26,
        "coverage": 1.0
      },
      "service": {
        "rouge1": 0.20546,
        "rouge2": 0.04547,
        "rougeL": 0.15457000000000004,
        "n": 26,
        "eligible": 26,
        "coverage": 1.0
      },
      "experience": {
        "rouge1": 0.12867866666666666,
        "rouge2": 0.015595999999999999,
        "rougeL": 0.10210666666666667,
        "n": 14,
        "eligible": 15,
        "coverage": 0.9333
      },
      "MACRO": {
        "rouge1": 0.1856971666666667,
        "rouge2": 0.034919,
        "rougeL": 0.13142666666666666
      }
    },
    "all": {
      "facility": {
        "rouge1": 0.22659,
        "rouge2": 0.05004,
        "rougeL": 0.14632,
        "n": 50,
        "eligible": 50,
        "coverage": 1.0
      },
      "amenity": {
        "rouge1": 0.21959999999999996,
        "rouge2": 0.03459,
        "rougeL": 0.13527,
        "n": 50,
        "eligible": 50,
        "coverage": 1.0
      },
      "service": {
        "rouge1": 0.220416,
        "rouge2": 0.053318399999999995,
        "rougeL": 0.168432,
        "n": 48,
        "eligible": 50,
        "coverage": 0.96
      },
      "experience": {
        "rouge1": 0.1198440625,
        "rouge2": 0.0108596875,
        "rougeL": 0.091663125,
        "n": 31,
        "eligible": 32,
        "coverage": 0.9688
      },
      "MACRO": {
        "rouge1": 0.196612515625,
        "rouge2": 0.037202021875,
        "rougeL": 0.13542128125
      }
    }
  },
  "coverage": {},
  "fixed_denominator": true
}