{
  "method": "m3_kw",
  "by_split": {
    "dev": {
      "facility": {
        "rouge1": 0.38371,
        "rouge2": 0.11012,
        "rougeL": 0.19918,
        "n": 24,
        "eligible": 24,
        "coverage": 1.0
      },
      "amenity": {
        "rouge1": 0.29085,
        "rouge2": 0.0685,
        "rougeL": 0.17842,
        "n": 24,
        "eligible": 24,
        "coverage": 1.0
      },
      "service": {
        "rouge1": 0.31752,
        "rouge2": 0.09727000000000001,
        "rougeL": 0.23111,
        "n": 24,
        "eligible": 24,
        "coverage": 1.0
      },
      "experience": {
        "rouge1": 0.0959,
        "rouge2": 0.02096,
        "rougeL": 0.08422,
        "n": 17,
        "eligible": 17,
        "coverage": 1.0
      },
      "MACRO": {
        "rouge1": 0.27199500000000004,
        "rouge2": 0.0742125,
        "rougeL": 0.17323249999999998
      }
    },
    "test": {
      "facility": {
        "rouge1": 0.36085,
        "rouge2": 0.11341,
        "rougeL": 0.19002000000000002,
        "n": 26,
        "eligible": 26,
        "coverage": 1.0
      },
      "amenity": {
        "rouge1": 0.25716346153846154,
        "rouge2": 0.05175,
        "rougeL": 0.16823076923076924,
        "n": 25,
        "eligible": 26,
        "coverage": 0.9615
      },
      "service": {
        "rouge1": 0.29826,
        "rouge2": 0.09951,
        "rougeL": 0.22363,
        "n": 26,
        "eligible": 26,
        "coverage": 1.0
      },
      "experience": {
        "rouge1": 0.09595,
        "rouge2": 0.01159,
        "rougeL": 0.07297,
        "n": 15,
        "eligible": 15,
        "coverage": 1.0
      },
      "MACRO": {
        "rouge1": 0.2530558653846154,
        "rouge2": 0.069065,
        "rougeL": 0.1637126923076923
      }
    },
    "all": {
      "facility": {
        "rouge1": 0.37193,
        "rouge2": 0.11183,
        "rougeL": 0.1945,
        "n": 50,
        "eligible": 50,
        "coverage": 1.0
      },
      "amenity": {
        "rouge1": 0.2734396,
        "rouge2": 0.05942719999999999,
        "rougeL": 0.17364619999999997,
        "n": 49,
        "eligible": 50,
        "coverage": 0.98
      },
      "service": {
        "rouge1": 0.30578,
        "rouge2": 0.09685,
        "rougeL": 0.22547,
        "n": 50,
        "eligible": 50,
        "coverage": 1.0
      },
      "experience": {
        "rouge1": 0.09535,
        "rouge2": 0.01655,
        "rougeL": 0.07877,
        "n": 32,
        "eligible": 32,
        "coverage": 1.0
      },
      "MACRO": {
        "rouge1": 0.2616249,
        "rouge2": 0.0711643,
        "rougeL": 0.16809655
      }
    }
  },
  "coverage": {},
  "fixed_denominator": true
}