{
  "dataset": "hasos",
  "phase": "threshold",
  "threshold": 0.0065,
  "rows": [
    {
      "method": "m3",
      "value": 0.0055,
      "rouge1": 0.26135305,
      "rouge2": 0.07107975,
      "rougeL": 0.1679643
    },
    {
      "method": "m3",
      "value": 0.0065,
      "rouge1": 0.24547209999999997,
      "rouge2": 0.06974425000000001,
      "rougeL": 0.15646315
    }
  ]
}