{
  "m1": {
    "method": "m1_extractive",
    "by_split": {
      "dev": {
        "facility": {
          "rouge1": 0.34044,
          "rouge2": 0.09323,
          "rougeL": 0.16701,
          "n": 24
        },
        "amenity": {
          "rouge1": 0.21053,
          "rouge2": 0.05067,
          "rougeL": 0.12086,
          "n": 24
        },
        "service": {
          "rouge1": 0.21539,
          "rouge2": 0.05953,
          "rougeL": 0.14881,
          "n": 24
        },
        "experience": {
          "rouge1": 0.06799,
          "rouge2": 0.01253,
          "rougeL": 0.05325,
          "n": 17
        },
        "MACRO": {
          "rouge1": 0.20858749999999998,
          "rouge2": 0.053989999999999996,
          "rougeL": 0.1224825
        }
      },
      "test": {
        "facility": {
          "rouge1": 0.33696,
          "rouge2": 0.10285,
          "rougeL": 0.17094,
          "n": 26
        },
        "amenity": {
          "rouge1": 0.17571,
          "rouge2": 0.04114,
          "rougeL": 0.10757,
          "n": 26
        },
        "service": {
          "rouge1": 0.19943,
          "rouge2": 0.06139,
          "rougeL": 0.14346,
          "n": 26
        },
        "experience": {
          "rouge1": 0.08812,
          "rouge2": 0.02099,
          "rougeL": 0.07053,
          "n": 15
        },
        "MACRO": {
          "rouge1": 0.20005499999999998,
          "rouge2": 0.056592500000000004,
          "rougeL": 0.12312500000000001
        }
      },
      "all": {
        "facility": {
          "rouge1": 0.33827,
          "rouge2": 0.09812,
          "rougeL": 0.16886,
          "n": 50
        },
        "amenity": {
          "rouge1": 0.19167,
          "rouge2": 0.04533,
          "rougeL": 0.11362,
          "n": 50
        },
        "service": {
          "rouge1": 0.20659,
          "rouge2": 0.05982,
          "rougeL": 0.14531,
          "n": 50
        },
        "experience": {
          "rouge1": 0.07738,
          "rouge2": 0.01663,
          "rougeL": 0.06123,
          "n": 32
        },
        "MACRO": {
          "rouge1": 0.20347750000000003,
          "rouge2": 0.054975,
          "rougeL": 0.122255
        }
      }
    },
    "coverage": {}
  },
  "m2": {
    "method": "m2_abstractive",
    "by_split": {
      "dev": {
        "facility": {
          "rouge1": 0.24233,
          "rouge2": 0.05196,
          "rougeL": 0.15061,
          "n": 24
        },
        "amenity": {
          "rouge1": 0.26802,
          "rouge2": 0.04294,
          "rougeL": 0.1622,
          "n": 24
        },
        "service": {
          "rouge1": 0.24145,
          "rouge2": 0.04568,
          "rougeL": 0.16962,
          "n": 22
        },
        "experience": {
          "rouge1": 0.1396,
          "rouge2": 0.00254,
          "rougeL": 0.10526,
          "n": 17
        },
        "MACRO": {
          "rouge1": 0.22285,
          "rouge2": 0.03577999999999999,
          "rougeL": 0.1469225
        }
      },
      "test": {
        "facility": {
          "rouge1": 0.24707,
          "rouge2": 0.05948,
          "rougeL": 0.15777,
          "n": 26
        },
        "amenity": {
          "rouge1": 0.23955,
          "rouge2": 0.03161,
          "rougeL": 0.15193,
          "n": 26
        },
        "service": {
          "rouge1": 0.27375,
          "rouge2": 0.06456,
          "rougeL": 0.2024,
          "n": 26
        },
        "experience": {
          "rouge1": 0.16397,
          "rouge2": 0.00479,
          "rougeL": 0.12437,
          "n": 14
        },
        "MACRO": {
          "rouge1": 0.23108499999999998,
          "rouge2": 0.04011,
          "rougeL": 0.1591175
        }
      },
      "all": {
        "facility": {
          "rouge1": 0.24459,
          "rouge2": 0.05568,
          "rougeL": 0.15437,
          "n": 50
        },
        "amenity": {
          "rouge1": 0.25232,
          "rouge2": 0.03635,
          "rougeL": 0.15636,
          "n": 50
        },
        "service": {
          "rouge1": 0.25638,
          "rouge2": 0.05514,
          "rougeL": 0.18573,
          "n": 48
        },
        "experience": {
          "rouge1": 0.15003,
          "rouge2": 0.00354,
          "rougeL": 0.11358,
          "n": 31
        },
        "MACRO": {
          "rouge1": 0.22583,
          "rouge2": 0.037677499999999996,
          "rougeL": 0.15251
        }
      }
    },
    "coverage": {}
  },
  "m3": {
    "method": "m3_kw",
    "by_split": {
      "dev": {
        "facility": {
          "rouge1": 0.23066,
          "rouge2": 0.05413,
          "rougeL": 0.14749,
          "n": 22
        },
        "amenity": {
          "rouge1": 0.19217,
          "rouge2": 0.0292,
          "rougeL": 0.13419,
          "n": 11
        },
        "service": {
          "rouge1": 0.38586,
          "rouge2": 0.13398,
          "rougeL": 0.30905,
          "n": 9
        },
        "experience": {
          "rouge1": 0.10778,
          "rouge2": 0.01343,
          "rougeL": 0.09012,
          "n": 16
        },
        "MACRO": {
          "rouge1": 0.2291175,
          "rouge2": 0.057685,
          "rougeL": 0.1702125
        }
      },
      "test": {
        "facility": {
          "rouge1": 0.24923,
          "rouge2": 0.06463,
          "rougeL": 0.15889,
          "n": 25
        },
        "amenity": {
          "rouge1": 0.22219,
          "rouge2": 0.03057,
          "rougeL": 0.15338,
          "n": 14
        },
        "service": {
          "rouge1": 0.29404,
          "rouge2": 0.08883,
          "rougeL": 0.22628,
          "n": 18
        },
        "experience": {
          "rouge1": 0.1395,
          "rouge2": 0.01237,
          "rougeL": 0.11103,
          "n": 14
        },
        "MACRO": {
          "rouge1": 0.22624,
          "rouge2": 0.049100000000000005,
          "rougeL": 0.16239499999999998
        }
      },
      "all": {
        "facility": {
          "rouge1": 0.23998,
          "rouge2": 0.05957,
          "rougeL": 0.15315,
          "n": 47
        },
        "amenity": {
          "rouge1": 0.21163,
          "rouge2": 0.03028,
          "rougeL": 0.14636,
          "n": 25
        },
        "service": {
          "rouge1": 0.32622,
          "rouge2": 0.10529,
          "rougeL": 0.25507,
          "n": 27
        },
        "experience": {
          "rouge1": 0.12344,
          "rouge2": 0.01304,
          "rougeL": 0.10015,
          "n": 30
        },
        "MACRO": {
          "rouge1": 0.2253175,
          "rouge2": 0.052044999999999994,
          "rougeL": 0.1636825
        }
      }
    },
    "coverage": {}
  },
  "m4": {
    "method": "m4_bert",
    "by_split": {
      "dev": {
        "facility": {
          "rouge1": 0.29838,
          "rouge2": 0.06103,
          "rougeL": 0.16504,
          "n": 23
        },
        "amenity": {
          "rouge1": 0.25455,
          "rouge2": 0.04742,
          "rougeL": 0.15324,
          "n": 24
        },
        "service": {
          "rouge1": 0.21469,
          "rouge2": 0.04712,
          "rougeL": 0.15352,
          "n": 22
        },
        "experience": {
          "rouge1": 0.10561,
          "rouge2": 0.00755,
          "rougeL": 0.08291,
          "n": 17
        },
        "MACRO": {
          "rouge1": 0.2183075,
          "rouge2": 0.04078,
          "rougeL": 0.1386775
        }
      },
      "test": {
        "facility": {
          "rouge1": 0.28341,
          "rouge2": 0.06985,
          "rougeL": 0.17009,
          "n": 26
        },
        "amenity": {
          "rouge1": 0.22592,
          "rouge2": 0.03335,
          "rougeL": 0.14135,
          "n": 26
        },
        "service": {
          "rouge1": 0.20352,
          "rouge2": 0.04854,
          "rougeL": 0.14772,
          "n": 26
        },
        "experience": {
          "rouge1": 0.1256,
          "rouge2": 0.01255,
          "rougeL": 0.10486,
          "n": 14
        },