{
  "method": "m1_extractive",
  "by_split": {
    "dev": {
      "facility": {
        "rouge1": 0.34044,
        "rouge2": 0.09323,
        "rougeL": 0.16701,
        "n": 24
      },
      "amenity": {
        "rouge1": 0.21053,
        "rouge2": 0.05067,
        "rougeL": 0.12086,
        "n": 24
      },
      "service": {
        "rouge1": 0.21539,
        "rouge2": 0.05953,
        "rougeL": 0.14881,
        "n": 24
      },
      "experience": {
        "rouge1": 0.06799,
        "rouge2": 0.01253,
        "rougeL": 0.05325,
        "n": 17
      },
      "MACRO": {
        "rouge1": 0.20858749999999998,
        "rouge2": 0.053989999999999996,
        "rougeL": 0.1224825
      }
    },
    "test": {
      "facility": {
        "rouge1": 0.33696,
        "rouge2": 0.10285,
        "rougeL": 0.17094,
        "n": 26
      },
      "amenity": {
        "rouge1": 0.17571,
        "rouge2": 0.04114,
        "rougeL": 0.10757,
        "n": 26
      },
      "service": {
        "rouge1": 0.19943,
        "rouge2": 0.06139,
        "rougeL": 0.14346,
        "n": 26
      },
      "experience": {
        "rouge1": 0.08812,
        "rouge2": 0.02099,
        "rougeL": 0.07053,
        "n": 15
      },
      "MACRO": {
        "rouge1": 0.20005499999999998,
        "rouge2": 0.056592500000000004,
        "rougeL": 0.12312500000000001
      }
    },
    "all": {
      "facility": {
        "rouge1": 0.33827,
        "rouge2": 0.09812,
        "rougeL": 0.16886,
        "n": 50
      },
      "amenity": {
        "rouge1": 0.19167,
        "rouge2": 0.04533,
        "rougeL": 0.11362,
        "n": 50
      },
      "service": {
        "rouge1": 0.20659,
        "rouge2": 0.05982,
        "rougeL": 0.14531,
        "n": 50
      },
      "experience": {
        "rouge1": 0.07738,
        "rouge2": 0.01663,
        "rougeL": 0.06123,
        "n": 32
      },
      "MACRO": {
        "rouge1": 0.20347750000000003,
        "rouge2": 0.054975,
        "rougeL": 0.122255
      }
    }
  },
  "coverage": {}
}