{
  "method": "m2_abstractive",
  "by_split": {
    "dev": {
      "facility": {
        "rouge1": 0.24233,
        "rouge2": 0.05196,
        "rougeL": 0.15061,
        "n": 24
      },
      "amenity": {
        "rouge1": 0.26802,
        "rouge2": 0.04294,
        "rougeL": 0.1622,
        "n": 24
      },
      "service": {
        "rouge1": 0.24145,
        "rouge2": 0.04568,
        "rougeL": 0.16962,
        "n": 22
      },
      "experience": {
        "rouge1": 0.1396,
        "rouge2": 0.00254,
        "rougeL": 0.10526,
        "n": 17
      },
      "MACRO": {
        "rouge1": 0.22285,
        "rouge2": 0.03577999999999999,
        "rougeL": 0.1469225
      }
    },
    "test": {
      "facility": {
        "rouge1": 0.24707,
        "rouge2": 0.05948,
        "rougeL": 0.15777,
        "n": 26
      },
      "amenity": {
        "rouge1": 0.23955,
        "rouge2": 0.03161,
        "rougeL": 0.15193,
        "n": 26
      },
      "service": {
        "rouge1": 0.27375,
        "rouge2": 0.06456,
        "rougeL": 0.2024,
        "n": 26
      },
      "experience": {
        "rouge1": 0.16397,
        "rouge2": 0.00479,
        "rougeL": 0.12437,
        "n": 14
      },
      "MACRO": {
        "rouge1": 0.23108499999999998,
        "rouge2": 0.04011,
        "rougeL": 0.1591175
      }
    },
    "all": {
      "facility": {
        "rouge1": 0.24459,
        "rouge2": 0.05568,
        "rougeL": 0.15437,
        "n": 50
      },
      "amenity": {
        "rouge1": 0.25232,
        "rouge2": 0.03635,
        "rougeL": 0.15636,
        "n": 50
      },
      "service": {
        "rouge1": 0.25638,
        "rouge2": 0.05514,
        "rougeL": 0.18573,
        "n": 48
      },
      "experience": {
        "rouge1": 0.15003,
        "rouge2": 0.00354,
        "rougeL": 0.11358,
        "n": 31
      },
      "MACRO": {
        "rouge1": 0.22583,
        "rouge2": 0.037677499999999996,
        "rougeL": 0.15251
      }
    }
  },
  "coverage": {}
}