{
  "method": "m2_abstractive",
  "by_split": {
    "dev": {
      "facility": {
        "rouge1": 0.23075,
        "rouge2": 0.0511,
        "rougeL": 0.14417,
        "n": 24
      },
      "amenity": {
        "rouge1": 0.25556,
        "rouge2": 0.04315,
        "rougeL": 0.15153,
        "n": 24
      },
      "service": {
        "rouge1": 0.2599,
        "rouge2": 0.06825,
        "rougeL": 0.20073,
        "n": 22
      },
      "experience": {
        "rouge1": 0.10982,
        "rouge2": 0.00558,
        "rougeL": 0.08039,
        "n": 17
      },
      "MACRO": {
        "rouge1": 0.21400750000000002,
        "rouge2": 0.04202,
        "rougeL": 0.14420499999999997
      }
    },
    "test": {
      "facility": {
        "rouge1": 0.22137,
        "rouge2": 0.05123,
        "rougeL": 0.14792,
        "n": 26
      },
      "amenity": {
        "rouge1": 0.1907,
        "rouge2": 0.02531,
        "rougeL": 0.12238,
        "n": 26
      },
      "service": {
        "rouge1": 0.20539,
        "rouge2": 0.04545,
        "rougeL": 0.15452,
        "n": 26
      },
      "experience": {
        "rouge1": 0.13787,
        "rouge2": 0.01671,
        "rougeL": 0.1094,
        "n": 14
      },
      "MACRO": {
        "rouge1": 0.18883250000000001,
        "rouge2": 0.034675,
        "rougeL": 0.13355499999999998
      }
    },
    "all": {
      "facility": {
        "rouge1": 0.22596,
        "rouge2": 0.05066,
        "rougeL": 0.14614,
        "n": 50
      },
      "amenity": {
        "rouge1": 0.22138,
        "rouge2": 0.03363,
        "rougeL": 0.13595,
        "n": 50
      },
      "service": {
        "rouge1": 0.22957,
        "rouge2": 0.05553,
        "rougeL": 0.17542,
        "n": 48
      },
      "experience": {
        "rouge1": 0.12371,
        "rouge2": 0.01121,
        "rougeL": 0.09462,
        "n": 31
      },
      "MACRO": {
        "rouge1": 0.20015499999999997,
        "rouge2": 0.0377575,
        "rougeL": 0.1380325
      }
    }
  },
  "coverage": {}
}