{
  "macro": {
    "source_fidelity": 0.5971581795547086,
    "aspect_keyword_coverage": 0.7391667356408502,
    "aspect_purity": 0.5348205311001862,
    "distinct_1": 0.2957792281266007,
    "distinct_2": 0.7365167287940229,
    "self_bleu4": 0.008479323443006705,
    "compression_ratio": 0.0027979038487012616,
    "avg_sentence_len": 15.951945634924002,
    "cross_aspect_jaccard": 0.1012582813422888
  },
  "per_aspect": {
    "AM_ENT": {
      "n_files": 50,
      "n_sentences": 128,
      "source_fidelity": 0.59375,
      "aspect_keyword_coverage": 0.75,
      "aspect_purity": 0.359375,
      "distinct_1": 0.31278890600924497,
      "distinct_2": 0.7674546454095657,
      "self_bleu4": 0.0003881108916000419,
      "compression_ratio": 0.0027891824987751664,
      "avg_sentence_len": 15.2109375
    },
    "AM_FOOD": {
      "n_files": 50,
      "n_sentences": 107,
      "source_fidelity": 0.5420560747663551,
      "aspect_keyword_coverage": 0.8878504672897196,
      "aspect_purity": 0.7757009345794392,
      "distinct_1": 0.30607124937280483,
      "distinct_2": 0.7974549310710498,
      "self_bleu4": 0.0009239557091481107,
      "compression_ratio": 0.002800415917266187,
      "avg_sentence_len": 18.626168224299064
    },
    "AM_POOL": {
      "n_files": 50,
      "n_sentences": 99,
      "source_fidelity": 0.5858585858585859,
      "aspect_keyword_coverage": 0.7373737373737373,
      "aspect_purity": 0.6161616161616161,
      "distinct_1": 0.3184952978056426,
      "distinct_2": 0.7780748663101604,
      "self_bleu4": 0.0034442648936042386,
      "compression_ratio": 0.00279415732069218,
      "avg_sentence_len": 16.11111111111111
    },
    "AM_ROOM_UTIL": {
      "n_files": 50,
      "n_sentences": 120,
      "source_fidelity": 0.5666666666666667,
      "aspect_keyword_coverage": 0.8083333333333333,
      "aspect_purity": 0.625,
      "distinct_1": 0.2895132965378826,
      "distinct_2": 0.7672183662573412,
      "self_bleu4": 0.0,
      "compression_ratio": 0.002800415917266187,
      "avg_sentence_len": 16.608333333333334
    },
    "AM_TRANSPORT": {
      "n_files": 50,
      "n_sentences": 117,
      "source_fidelity": 0.5811965811965812,
      "aspect_keyword_coverage": 0.7264957264957265,
      "aspect_purity": 0.5726495726495726,
      "distinct_1": 0.31253170979198375,
      "distinct_2": 0.7820927723840345,
      "self_bleu4": 0.0012429974498679415,
      "compression_ratio": 0.0027695031474820144,
      "avg_sentence_len": 16.846153846153847
    },
    "AM_UTILITY": {
      "n_files": 50,
      "n_sentences": 81,
      "source_fidelity": 0.6172839506172839,
      "aspect_keyword_coverage": 0.49382716049382713,
      "aspect_purity": 0.30864197530864196,
      "distinct_1": 0.38636363636363635,
      "distinct_2": 0.8686192468619247,
      "self_bleu4": 0.000352439684673717,
      "compression_ratio": 0.002778037825728201,
      "avg_sentence_len": 15.753086419753087
    },
    "AM_WELLNESS": {
      "n_files": 50,
      "n_sentences": 123,
      "source_fidelity": 0.6991869918699187,
      "aspect_keyword_coverage": 0.5772357723577236,
      "aspect_purity": 0.42276422764227645,
      "distinct_1": 0.332013201320132,
      "distinct_2": 0.7844827586206896,
      "self_bleu4": 0.00033353811643697267,
      "compression_ratio": 0.0028257808201292583,
      "avg_sentence_len": 12.317073170731707
    },
    "AM_WIFI": {
      "n_files": 50,
      "n_sentences": 145,
      "source_fidelity": 0.6482758620689655,
      "aspect_keyword_coverage": 0.7517241379310344,
      "aspect_purity": 0.5172413793103449,
      "distinct_1": 0.2565261044176707,
      "distinct_2": 0.7022198159177044,
      "self_bleu4": 0.00038785345049585575,
      "compression_ratio": 0.0027990107913669067,
      "avg_sentence_len": 13.73793103448276
    },
    "BRA_LUXURY": {
      "n_files": 50,
      "n_sentences": 117,
      "source_fidelity": 0.5897435897435898,
      "aspect_keyword_coverage": 0.7094017094017094,
      "aspect_purity": 0.48717948717948717,
      "distinct_1": 0.2889237199582027,
      "distinct_2": 0.755147468002226,
      "self_bleu4": 0.002280257488492475,
      "compression_ratio": 0.0027450462957651135,
      "avg_sentence_len": 16.358974358974358
    },
    "BRA_REPUTE": {
      "n_files": 50,
      "n_sentences": 137,
      "source_fidelity": 0.6277372262773723,
      "aspect_keyword_coverage": 0.7153284671532847,
      "aspect_purity": 0.291970802919708,
      "distinct_1": 0.2998991935483871,
      "distinct_2": 0.7623172712506767,
      "self_bleu4": 0.0015074414231424182,
      "compression_ratio": 0.002787769784172662,
      "avg_sentence_len": 14.481751824817518
    },
    "EXP_EMOTION": {
      "n_files": 50,
      "n_sentences": 125,
      "source_fidelity": 0.648,
      "aspect_keyword_coverage": 0.592,
      "aspect_purity": 0.288,
      "distinct_1": 0.3336842105263158,
      "distinct_2": 0.8174647887323944,
      "self_bleu4": 0.0,
      "compression_ratio": 0.0027989499518285984,
      "avg_sentence_len": 15.2
    },
    "EXP_OVERALL": {
      "n_files": 50,
      "n_sentences": 132,
      "source_fidelity": 0.6136363636363636,
      "aspect_keyword_coverage": 0.7954545454545454,
      "aspect_purity": 0.2803030303030303,
      "distinct_1": 0.23276723276723277,
      "distinct_2": 0.6109032602886157,
      "self_bleu4": 0.013597941718293219,
      "compression_ratio": 0.0028130620503597123,
      "avg_sentence_len": 15.166666666666666
    },
    "EXP_SAFETY": {
      "n_files": 50,
      "n_sentences": 130,
      "source_fidelity": 0.6,
      "aspect_keyword_coverage": 0.7230769230769231,
      "aspect_purity": 0.4846153846153846,
      "distinct_1": 0.3195606694560669,
      "distinct_2": 0.7929292929292929,
      "self_bleu4": 0.0009710549609841604,
      "compression_ratio": 0.0028043332228418223,
      "avg_sentence_len": 14.707692307692307
    },
    "EXP_VALUE": {
      "n_files": 50,
      "n_sentences": 116,
      "source_fidelity": 0.5689655172413793,
      "aspect_keyword_coverage": 0.8103448275862069,
      "aspect_purity": 0.7413793103448276,
      "distinct_1": 0.24936772888214467,
      "distinct_2": 0.708221386351424,
      "self_bleu4": 0.004495890808198886,
      "compression_ratio": 0.0027779339028776977,
      "avg_sentence_len": 17.04310344827586
    },
    "FAC_BATH": {
      "n_files": 50,
      "n_sentences": 131,
      "source_fidelity": 0.6106870229007634,
      "aspect_keyword_coverage": 0.8702290076335878,
      "aspect_purity": 0.648854961832061,
      "distinct_1": 0.2577733199598796,
      "distinct_2": 0.6741814278046162,
      "self_bleu4": 0.0035972154585519577,
      "compression_ratio": 0.0028018210431654676,
      "avg_sentence_len": 15.221374045801527
    },
    "FAC_BUILDING": {
      "n_files": 50,
      "n_sentences": 106,
      "source_fidelity": 0.5377358490566038,
      "aspect_keyword_coverage": 0.7075471698113207,
      "aspect_purity": 0.44339622641509435,
      "distinct_1": 0.32769766285430135,
      "distinct_2": 0.7700787401574803,
      "self_bleu4": 0.0015501299360151772,
      "compression_ratio": 0.0028257081834532375,
      "avg_sentence_len": 18.971698113207548
    },
    "FAC_CLIMATE": {
      "n_files": 50,
      "n_sentences": 113,
      "source_fidelity": 0.5929203539823009,
      "aspect_keyword_coverage": 0.7345132743362832,
      "aspect_purity": 0.5663716814159292,
      "distinct_1": 0.3070362473347548,
      "distinct_2": 0.7714123652864435,
      "self_bleu4": 0.0007405840941406511,
      "compression_ratio": 0.002801199916979363,
      "avg_sentence_len": 16.601769911504423
    },
    "FAC_ENV": {
      "n_files": 50,
      "n_sentences": 108,
      "source_fidelity": 0.5277777777777778,
      "aspect_keyword_coverage": 0.6944444444444444,
      "aspect_purity": 0.39814814814814814,
      "distinct_1": 0.29889112903225806,
      "distinct_2": 0.746268656716418,
      "self_bleu4": 0.0007897077674570654,
      "compression_ratio": 0.002787769784172662,