{
  "macro": {
    "source_fidelity": 0.6094320692641413,
    "source_fidelity_excl_truncated": 0.96920875509799,
    "aspect_keyword_coverage": 0.7441498062079598,
    "aspect_purity": 0.5516646622593705,
    "distinct_1": 0.2846303225916498,
    "distinct_2": 0.7179243707434944,
    "self_bleu4": 0.01087499632043265,
    "compression_ratio": 0.002801409570906525,
    "avg_sentence_len": 15.572949622030062,
    "cross_aspect_jaccard": 0.10500166002709523,
    "bert_f1_aspect": 0.8097632588261235,
    "bert_f1_source": 0.8073593194467308
  },
  "per_aspect": {
    "AM_ENT": {
      "n_files": 50,
      "n_sentences": 126,
      "source_fidelity": 0.5873015873015873,
      "source_fidelity_excl_truncated": 0.961038961038961,
      "aspect_keyword_coverage": 0.7777777777777778,
      "aspect_purity": 0.4126984126984127,
      "distinct_1": 0.3113682092555332,
      "distinct_2": 0.7835660580021482,
      "self_bleu4": 0.0005180197005126416,
      "compression_ratio": 0.0027933902877697843,
      "avg_sentence_len": 15.777777777777779,
      "bert_f1_aspect": 0.7978993403911591,
      "bert_f1_source": 0.8007803094387055
    },
    "AM_FOOD": {
      "n_files": 50,
      "n_sentences": 123,
      "source_fidelity": 0.6016260162601627,
      "source_fidelity_excl_truncated": 1.0,
      "aspect_keyword_coverage": 0.8455284552845529,
      "aspect_purity": 0.7642276422764228,
      "distinct_1": 0.27923387096774194,
      "distinct_2": 0.7517463729177861,
      "self_bleu4": 0.0018708647068159756,
      "compression_ratio": 0.002787769784172662,
      "avg_sentence_len": 16.130081300813007,
      "bert_f1_aspect": 0.7903762996196747,
      "bert_f1_source": 0.8079776620864868
    },
    "AM_POOL": {
      "n_files": 50,
      "n_sentences": 122,
      "source_fidelity": 0.6885245901639344,
      "source_fidelity_excl_truncated": 0.9764705882352941,
      "aspect_keyword_coverage": 0.6475409836065574,
      "aspect_purity": 0.5491803278688525,
      "distinct_1": 0.2973651191969887,
      "distinct_2": 0.7540760869565217,
      "self_bleu4": 0.001501731156969822,
      "compression_ratio": 0.0027924054979205862,
      "avg_sentence_len": 13.065573770491802,
      "bert_f1_aspect": 0.8179480269551277,
      "bert_f1_source": 0.8085476770997048
    },
    "AM_ROOM_UTIL": {
      "n_files": 50,
      "n_sentences": 122,
      "source_fidelity": 0.5983606557377049,
      "source_fidelity_excl_truncated": 0.9864864864864865,
      "aspect_keyword_coverage": 0.8278688524590164,
      "aspect_purity": 0.680327868852459,
      "distinct_1": 0.295,
      "distinct_2": 0.784877529286475,
      "self_bleu4": 0.000615602193581119,
      "compression_ratio": 0.002810251798561151,
      "avg_sentence_len": 16.39344262295082,
      "bert_f1_aspect": 0.8190965270996093,
      "bert_f1_source": 0.8021612513065338
    },
    "AM_TRANSPORT": {
      "n_files": 50,
      "n_sentences": 112,
      "source_fidelity": 0.5267857142857143,
      "source_fidelity_excl_truncated": 0.8939393939393939,
      "aspect_keyword_coverage": 0.7857142857142857,
      "aspect_purity": 0.6785714285714286,
      "distinct_1": 0.3055134041476985,
      "distinct_2": 0.7801608579088471,
      "self_bleu4": 0.0016255711314128196,
      "compression_ratio": 0.0027779339028776977,
      "avg_sentence_len": 17.651785714285715,
      "bert_f1_aspect": 0.8109854805469513,
      "bert_f1_source": 0.8051595211029052
    },
    "AM_UTILITY": {
      "n_files": 50,
      "n_sentences": 80,
      "source_fidelity": 0.625,
      "source_fidelity_excl_truncated": 0.9803921568627451,
      "aspect_keyword_coverage": 0.55,
      "aspect_purity": 0.3375,
      "distinct_1": 0.3793103448275862,
      "distinct_2": 0.842809364548495,
      "self_bleu4": 0.0012161953378027799,
      "compression_ratio": 0.002778037825728201,
      "avg_sentence_len": 15.95,
      "bert_f1_aspect": 0.8088250104337931,
      "bert_f1_source": 0.8015730176120996
    },
    "AM_WELLNESS": {
      "n_files": 50,
      "n_sentences": 127,
      "source_fidelity": 0.7007874015748031,
      "source_fidelity_excl_truncated": 0.9777777777777777,
      "aspect_keyword_coverage": 0.6062992125984252,
      "aspect_purity": 0.44881889763779526,
      "distinct_1": 0.3298360655737705,
      "distinct_2": 0.7882689556509299,
      "self_bleu4": 0.00046208569092302213,
      "compression_ratio": 0.002844432838743973,
      "avg_sentence_len": 12.007874015748031,
      "bert_f1_aspect": 0.8128141054981634,
      "bert_f1_source": 0.8082782563410307
    },
    "AM_WIFI": {
      "n_files": 50,
      "n_sentences": 143,
      "source_fidelity": 0.6503496503496503,
      "source_fidelity_excl_truncated": 0.9893617021276596,
      "aspect_keyword_coverage": 0.8041958041958042,
      "aspect_purity": 0.5384615384615384,
      "distinct_1": 0.2676056338028169,
      "distinct_2": 0.7365853658536585,
      "self_bleu4": 0.0,
      "compression_ratio": 0.0027933902877697843,
      "avg_sentence_len": 13.902097902097902,
      "bert_f1_aspect": 0.8038383185863495,
      "bert_f1_source": 0.8024385130405426
    },
    "BRA_LUXURY": {
      "n_files": 50,
      "n_sentences": 115,
      "source_fidelity": 0.6260869565217392,
      "source_fidelity_excl_truncated": 1.0,
      "aspect_keyword_coverage": 0.7043478260869566,
      "aspect_purity": 0.46956521739130436,
      "distinct_1": 0.3275013668671405,
      "distinct_2": 0.7992998833138857,
      "self_bleu4": 0.000912905291627324,
      "compression_ratio": 0.002793671547318289,
      "avg_sentence_len": 15.904347826086957,
      "bert_f1_aspect": 0.8174604436625605,
      "bert_f1_source": 0.8074972163075986
    },
    "BRA_REPUTE": {
      "n_files": 50,
      "n_sentences": 128,
      "source_fidelity": 0.59375,
      "source_fidelity_excl_truncated": 0.9487179487179487,
      "aspect_keyword_coverage": 0.5703125,
      "aspect_purity": 0.2578125,
      "distinct_1": 0.2932595573440644,
      "distinct_2": 0.7473118279569892,
      "self_bleu4": 0.005352583536541222,
      "compression_ratio": 0.0027933902877697843,
      "avg_sentence_len": 15.53125,
      "bert_f1_aspect": 0.8061604177951813,
      "bert_f1_source": 0.8097064256668091
    },
    "EXP_EMOTION": {
      "n_files": 50,
      "n_sentences": 116,
      "source_fidelity": 0.6293103448275862,
      "source_fidelity_excl_truncated": 1.0,
      "aspect_keyword_coverage": 0.6810344827586207,
      "aspect_purity": 0.3448275862068966,
      "distinct_1": 0.3264876250658241,
      "distinct_2": 0.7992148065058889,
      "self_bleu4": 0.0,
      "compression_ratio": 0.0027974768202750043,
      "avg_sentence_len": 16.370689655172413,
      "bert_f1_aspect": 0.8148172907531261,
      "bert_f1_source": 0.8114459874729315
    },
    "EXP_OVERALL": {
      "n_files": 50,
      "n_sentences": 148,
      "source_fidelity": 0.6891891891891891,
      "source_fidelity_excl_truncated": 0.9714285714285714,
      "aspect_keyword_coverage": 0.8648648648648649,
      "aspect_purity": 0.3716216216216216,
      "distinct_1": 0.17839195979899497,
      "distinct_2": 0.5173724212812161,
      "self_bleu4": 0.028021580187611746,
      "compression_ratio": 0.0027962005395683453,
      "avg_sentence_len": 13.445945945945946,
      "bert_f1_aspect": 0.8153859508037568,
      "bert_f1_source": 0.8131492877006531
    },
    "EXP_SAFETY": {
      "n_files": 50,
      "n_sentences": 132,
      "source_fidelity": 0.6136363636363636,
      "source_fidelity_excl_truncated": 0.963855421686747,
      "aspect_keyword_coverage": 0.7121212121212122,
      "aspect_purity": 0.4772727272727273,
      "distinct_1": 0.3415271966527197,
      "distinct_2": 0.801123595505618,
      "self_bleu4": 0.0017944014740542034,
      "compression_ratio": 0.0028043332228418223,
      "avg_sentence_len": 14.484848484848484,
      "bert_f1_aspect": 0.8146377416948477,
      "bert_f1_source": 0.8060428276658058
    },
    "EXP_VALUE": {
      "n_files": 50,
      "n_sentences": 118,